{"_default":{},"trust|size|geo|rmsd|houseprice|avg|StatutoryLowAge|avg|StatutoryLowAge|rmsd|StatutoryHighAge|avg|StatutoryHighAge|rmsd**testdataset**":{"1":{"Trust name":"REAch2 Academy Trust","IDs":[96,160,3,100,163,37,165,104,108,46,116,57,122,25],"trustsize":14,"StatutoryLowAgeavg":5.8571428571,"StatutoryLowAgermsd":3.5427419336,"StatutoryHighAgeavg":14.4285714286,"StatutoryHighAgermsd":3.5398604838,"housepriceavg":284998.3333333333,"geormsd":132251.8078516677},"2":{"Trust name":"East Midlands Education Trust1","IDs":[64,10,110,146,85,54,152],"trustsize":7,"StatutoryHighAgeavg":14.4285714286,"StatutoryLowAgeavg":7.5714285714,"StatutoryLowAgermsd":3.9589732744,"StatutoryHighAgermsd":3.0639443699,"housepriceavg":270000.0,"geormsd":127389.3707837254},"3":{"Trust name":"Delta Academies Trust","IDs":[70,72,105,138,139,44,143,176,47,18,53,150,21,151,153,62,31],"trustsize":17,"StatutoryHighAgeavg":12.3529411765,"StatutoryLowAgeavg":5.5294117647,"StatutoryLowAgermsd":2.8721307331,"StatutoryHighAgermsd":3.1797368828,"housepriceavg":224776.1111111111,"geormsd":128123.8630203346},"4":{"Trust name":"Archway Learning Trust","IDs":[32,101,136,41,137,12,14,144,114,147,89,26],"trustsize":12,"StatutoryHighAgeavg":13.1666666667,"StatutoryLowAgeavg":6.25,"StatutoryLowAgermsd":3.4186985828,"StatutoryHighAgermsd":3.4600899153,"housepriceavg":231997.5,"geormsd":118033.2134729164},"5":{"Trust name":"Seven Fields Primary School","IDs":[1,2,38,134,106,15,112,119,189,87,88,187,61],"trustsize":13,"StatutoryHighAgeavg":13.6153846154,"StatutoryLowAgeavg":6.7692307692,"StatutoryLowAgermsd":3.9448865861,"StatutoryHighAgermsd":2.8966415975,"housepriceavg":217915.8333333333,"geormsd":141248.7006717691},"6":{"Trust name":"Samuel Ward Academy Trust","IDs":[129,8,149,29,30,161,34,166,42,171,172,179,180,181,183,65,66,86,90,102,103,111,124,126],"trustsize":24,"StatutoryHighAgeavg":13.75,"StatutoryLowAgeavg":6.9583333333,"StatutoryLowAgermsd":3.5879330943,"StatutoryHighAgermsd":3.3322915039,"housepriceavg":259453.8461538462,"geormsd":159839.1356707874},"7":{"Trust name":"Learning in Harmony Multi Academy Trust","IDs":[162,98,164,5,168,27,107,140,76,109,78,79,115,22,185,123,94],"trustsize":17,"StatutoryHighAgeavg":14.2941176471,"StatutoryLowAgeavg":6.9411764706,"StatutoryLowAgermsd":3.5058033943,"StatutoryHighAgermsd":3.4939393894,"housepriceavg":226249.375,"geormsd":129491.6451206215},"8":{"Trust name":"Aston Community Education Trust","IDs":[33,99,36,4,35,135,71,154,45,142,48,20,58,92,157],"trustsize":15,"StatutoryHighAgeavg":14.2,"StatutoryLowAgeavg":6.4666666667,"StatutoryLowAgermsd":3.7747700445,"StatutoryHighAgermsd":3.1453669632,"housepriceavg":222915.0,"geormsd":125270.076980494},"9":{"Trust name":"Bridge Multi-Academy Trust","IDs":[132,167,7,39,74,75,43,77,49,177,82,50,52,84,24,59,156,63],"trustsize":18,"StatutoryHighAgeavg":13.6666666667,"StatutoryLowAgeavg":6.1111111111,"StatutoryLowAgermsd":3.7548322775,"StatutoryHighAgermsd":3.2145502537,"housepriceavg":266166.6666666667,"geormsd":153634.3197869855},"10":{"Trust name":"Focus Academy Trust (UK) Ltd","IDs":[128,131,69,9,170,91,145,81,51,19,178,182,23,120,155,93],"trustsize":16,"StatutoryHighAgeavg":13.5,"StatutoryLowAgeavg":5.875,"StatutoryLowAgermsd":3.903123749,"StatutoryHighAgermsd":4.0773766076,"housepriceavg":232833.3333333333,"geormsd":132184.9992011078},"11":{"Trust name":"Discovery Schools Academies Trust Ltd","IDs":[133,73,169,174,148,117,121,127,125,95,159],"trustsize":11,"StatutoryHighAgeavg":12.7272727273,"StatutoryLowAgeavg":5.6363636364,"StatutoryLowAgermsd":3.053246477,"StatutoryHighAgermsd":2.5258989072,"housepriceavg":261714.2857142857,"geormsd":138986.5029054118},"12":{"Trust name":"ASPIRE Academy Trust","IDs":[97,6,40,17,113,83,118,184,56,188,158],"trustsize":11,"StatutoryHighAgeavg":12.7272727273,"StatutoryLowAgeavg":5.6363636364,"StatutoryLowAgermsd":3.5489493265,"StatutoryHighAgermsd":3.2777738868,"housepriceavg":285700.0,"geormsd":142391.5485683043},"13":{"Trust name":"East Midlands Education Trust2","IDs":[11,67,68,28],"trustsize":4,"StatutoryHighAgeavg":16.0,"StatutoryLowAgeavg":6.75,"StatutoryLowAgermsd":4.2646805273,"StatutoryHighAgermsd":3.0822070015,"housepriceavg":277333.3333333333,"geormsd":203503.6426012674},"14":{"Trust name":"Borden Grammar School Trust","IDs":[130,13,173,141,175,16,80,55,186,60],"trustsize":10,"StatutoryLowAgeavg":7.5,"StatutoryLowAgermsd":3.6945906404,"StatutoryHighAgeavg":14.2,"StatutoryHighAgermsd":3.3105890714,"housepriceavg":269311.25,"geormsd":159022.4686975004}}}