{"_default":{},"trust|size|geo|rmsd|houseprice|avg|StatutoryLowAge|avg|StatutoryLowAge|rmsd|StatutoryHighAge|avg|StatutoryHighAge|rmsd**testdataset**":{"1":{"Trust name":"Samuel Ward Academy Trust","IDs":[129,8,149,29,30,161,34,166,42,171,172,179,180,181,183,65,66,86,90,102,103,111,124,126],"trustsize":24,"StatutoryHighAgeavg":13.75,"StatutoryLowAgeavg":6.9583333333,"StatutoryLowAgermsd":3.5879330943,"StatutoryHighAgermsd":3.3322915039,"geormsd":159839.1356707874},"2":{"Trust name":"Learning in Harmony Multi Academy Trust","IDs":[162,98,164,5,168,27,107,140,109,78,79,76,115,22,185,123,94],"trustsize":17,"StatutoryHighAgeavg":14.2941176471,"StatutoryLowAgeavg":6.9411764706,"StatutoryLowAgermsd":3.5058033943,"StatutoryHighAgermsd":3.4939393894,"geormsd":129491.6451206215},"3":{"Trust name":"Seven Fields Primary School","IDs":[1,2,38,134,106,15,112,61,87,119,88,187,189],"trustsize":13,"StatutoryHighAgeavg":13.6153846154,"StatutoryLowAgeavg":6.7692307692,"StatutoryLowAgermsd":3.9448865861,"StatutoryHighAgermsd":2.8966415975,"geormsd":141248.7006717691},"4":{"Trust name":"Borden Grammar School Trust","IDs":[130,13,141,175,173,80,16,55,186,60],"trustsize":10,"StatutoryHighAgeavg":14.2,"StatutoryLowAgeavg":7.5,"StatutoryLowAgermsd":3.6945906404,"StatutoryHighAgermsd":3.3105890714,"geormsd":159022.4686975004},"5":{"Trust name":"REAch2 Academy Trust","IDs":[96,160,3,163,100,37,165,104,108,46,116,57,122,25],"trustsize":14,"StatutoryHighAgeavg":14.4285714286,"StatutoryLowAgeavg":5.8571428571,"StatutoryLowAgermsd":3.5427419336,"StatutoryHighAgermsd":3.5398604838,"geormsd":132251.8078516677},"6":{"Trust name":"Focus Academy Trust (UK) Ltd","IDs":[128,131,69,9,170,155,145,81,178,19,51,182,23,120,91,93],"trustsize":16,"StatutoryHighAgeavg":13.5,"StatutoryLowAgeavg":5.875,"StatutoryLowAgermsd":3.903123749,"StatutoryHighAgermsd":4.0773766076,"geormsd":132184.9992011078},"7":{"Trust name":"Delta Academies Trust","IDs":[70,72,105,138,139,44,143,176,47,18,21,53,151,150,153,62,31],"trustsize":17,"StatutoryHighAgeavg":12.3529411765,"StatutoryLowAgeavg":5.5294117647,"StatutoryLowAgermsd":2.8721307331,"StatutoryHighAgermsd":3.1797368828,"geormsd":128123.8630203346},"8":{"Trust name":"Archway Learning Trust","IDs":[32,101,136,41,137,12,14,144,114,147,89,26],"trustsize":12,"StatutoryHighAgeavg":13.1666666667,"StatutoryLowAgeavg":6.25,"StatutoryLowAgermsd":3.4186985828,"StatutoryHighAgermsd":3.4600899153,"geormsd":118033.2134729164},"9":{"Trust name":"Aston Community Education Trust1","IDs":[33,4,58,135,71,142,48,154,92],"trustsize":9,"StatutoryHighAgeavg":14.1111111111,"StatutoryLowAgeavg":6.8888888889,"StatutoryLowAgermsd":3.7548322775,"StatutoryHighAgermsd":2.9228769862,"geormsd":129744.8878163306},"10":{"Trust name":"ASPIRE Academy Trust","IDs":[97,6,40,17,113,83,118,184,56,188,158],"trustsize":11,"StatutoryHighAgeavg":12.7272727273,"StatutoryLowAgeavg":5.6363636364,"StatutoryLowAgermsd":3.5489493265,"StatutoryHighAgermsd":3.2777738868,"geormsd":142391.5485683043},"11":{"Trust name":"Bridge Multi-Academy Trust","IDs":[132,7,39,167,74,75,43,77,177,49,82,50,52,84,24,59,156,63],"trustsize":18,"StatutoryHighAgeavg":13.6666666667,"StatutoryLowAgeavg":6.1111111111,"StatutoryLowAgermsd":3.7548322775,"StatutoryHighAgermsd":3.2145502537,"geormsd":153634.3197869855},"12":{"Trust name":"Discovery Schools Academies Trust Ltd","IDs":[133,73,169,174,148,117,121,127,125,95,159],"trustsize":11,"StatutoryHighAgeavg":12.7272727273,"StatutoryLowAgeavg":5.6363636364,"StatutoryLowAgermsd":3.053246477,"StatutoryHighAgermsd":2.5258989072,"geormsd":138986.5029054118},"13":{"Trust name":"East Midlands Education Trust1","IDs":[152,54,85,110],"trustsize":4,"StatutoryHighAgeavg":12.25,"StatutoryLowAgeavg":5.0,"StatutoryLowAgermsd":3.4641016151,"StatutoryHighAgermsd":2.1650635095,"geormsd":130627.2836321317},"14":{"Trust name":"Aston Community Education Trust2","IDs":[99,35,36,45,20,157],"trustsize":6,"StatutoryHighAgeavg":14.3333333333,"StatutoryLowAgeavg":5.8333333333,"StatutoryLowAgermsd":3.7155828016,"StatutoryHighAgermsd":3.4480268109,"geormsd":118034.2102357288},"15":{"Trust name":"East Midlands Education Trust2","IDs":[64,67,68,10,11,146,28],"trustsize":7,"StatutoryHighAgeavg":16.5714285714,"StatutoryLowAgeavg":8.5714285714,"StatutoryLowAgermsd":3.8491981672,"StatutoryHighAgermsd":2.4989793835,"geormsd":172956.1825799606}}}