{"_default":{},"trust|size|geo|rmsd|houseprice|avg|StatutoryLowAge|avg|StatutoryLowAge|rmsd|StatutoryHighAge|avg|StatutoryHighAge|rmsd":{"1":{"Trust name":"Bridge Multi-Academy Trust","IDs":[1,2,3,4,5,6,7,8,9,10,11,12,13,14,15,16,17,18],"trustsize":18,"geormsd":153634.3197869855,"housepriceavg":266166.6666666667,"StatutoryLowAgeavg":6.1111111111,"StatutoryLowAgermsd":3.7548322775,"StatutoryHighAgeavg":13.6666666667,"StatutoryHighAgermsd":3.2145502537},"2":{"Trust name":"Discovery Schools Academies Trust Ltd","IDs":[19,20,21,22,23,24,25,26,27,28,29],"trustsize":11,"geormsd":138986.5029054118,"housepriceavg":261714.2857142857,"StatutoryLowAgeavg":5.6363636364,"StatutoryLowAgermsd":3.053246477,"StatutoryHighAgeavg":12.7272727273,"StatutoryHighAgermsd":2.5258989072},"3":{"Trust name":"Delta Academies Trust","IDs":[32,33,34,35,36,37,38,39,40,41,42,43,44,45,46,30,31],"trustsize":17,"geormsd":128123.8630203346,"housepriceavg":224776.1111111111,"StatutoryLowAgeavg":5.5294117647,"StatutoryLowAgermsd":2.8721307331,"StatutoryHighAgeavg":12.3529411765,"StatutoryHighAgermsd":3.1797368828},"4":{"Trust name":"Archway Learning Trust","IDs":[47,48,49,50,51,52,53,54,55,56,57,58],"trustsize":12,"geormsd":118033.2134729164,"housepriceavg":231997.5,"StatutoryLowAgeavg":6.25,"StatutoryLowAgermsd":3.4186985828,"StatutoryHighAgeavg":13.1666666667,"StatutoryHighAgermsd":3.4600899153},"5":{"Trust name":"Borden Grammar School Trust","IDs":[64,65,66,67,68,59,60,61,62,63],"trustsize":10,"geormsd":159022.4686975004,"housepriceavg":269311.25,"StatutoryLowAgeavg":7.5,"StatutoryLowAgermsd":3.6945906404,"StatutoryHighAgeavg":14.2,"StatutoryHighAgermsd":3.3105890714},"6":{"Trust name":"Seven Fields Primary School","IDs":[69,70,71,72,73,74,75,76,77,78,79,80,81],"trustsize":13,"geormsd":141248.7006717691,"housepriceavg":217915.8333333333,"StatutoryLowAgeavg":6.7692307692,"StatutoryLowAgermsd":3.9448865861,"StatutoryHighAgeavg":13.6153846154,"StatutoryHighAgermsd":2.8966415975},"7":{"Trust name":"Samuel Ward Academy Trust","IDs":[82,83,84,85,86,87,88,89,90,91,92,93,94,95,96,97,98,99,100,101,102,103,104,105],"trustsize":24,"geormsd":159839.1356707874,"housepriceavg":259453.8461538462,"StatutoryLowAgeavg":6.9583333333,"StatutoryLowAgermsd":3.5879330943,"StatutoryHighAgeavg":13.75,"StatutoryHighAgermsd":3.3322915039},"8":{"Trust name":"REAch2 Academy Trust","IDs":[106,107,108,109,110,111,112,113,114,115,116,117,118,119],"trustsize":14,"geormsd":132251.8078516677,"housepriceavg":284998.3333333333,"StatutoryLowAgeavg":5.8571428571,"StatutoryLowAgermsd":3.5427419336,"StatutoryHighAgeavg":14.4285714286,"StatutoryHighAgermsd":3.5398604838},"9":{"Trust name":"Focus Academy Trust (UK) Ltd","IDs":[128,129,130,131,132,133,134,135,120,121,122,123,124,125,126,127],"trustsize":16,"geormsd":132184.9992011078,"housepriceavg":232833.3333333333,"StatutoryLowAgeavg":5.875,"StatutoryLowAgermsd":3.903123749,"StatutoryHighAgeavg":13.5,"StatutoryHighAgermsd":4.0773766076},"10":{"Trust name":"Aston Community Education Trust","IDs":[136,137,138,139,140,141,142,143,144,145,146,147,148,149,150],"trustsize":15,"geormsd":125270.076980494,"housepriceavg":222915.0,"StatutoryLowAgeavg":6.4666666667,"StatutoryLowAgermsd":3.7747700445,"StatutoryHighAgeavg":14.2,"StatutoryHighAgermsd":3.1453669632},"11":{"Trust name":"Learning in Harmony Multi Academy Trust","IDs":[160,161,162,163,164,165,166,167,151,152,153,154,155,156,157,158,159],"trustsize":17,"geormsd":129491.6451206215,"housepriceavg":226249.375,"StatutoryLowAgeavg":6.9411764706,"StatutoryLowAgermsd":3.5058033943,"StatutoryHighAgeavg":14.2941176471,"StatutoryHighAgermsd":3.4939393894},"12":{"Trust name":"East Midlands Education Trust","IDs":[168,169,170,171,172,173,174,175,176,177,178],"trustsize":11,"geormsd":160098.148880184,"housepriceavg":273666.6666666667,"StatutoryLowAgeavg":7.2727272727,"StatutoryLowAgermsd":4.0919190672,"StatutoryHighAgeavg":15.0,"StatutoryHighAgermsd":3.1622776602},"13":{"Trust name":"ASPIRE Academy Trust","IDs":[179,180,181,182,183,184,185,186,187,188,189],"trustsize":11,"geormsd":142391.5485683043,"housepriceavg":285700.0,"StatutoryLowAgeavg":5.6363636364,"StatutoryLowAgermsd":3.5489493265,"StatutoryHighAgeavg":12.7272727273,"StatutoryHighAgermsd":3.2777738868}},"trust|size|geo|rmsd|houseprice|avg|StatutoryLowAge|avg|StatutoryLowAge|rmsd|StatutoryHighAge|avg|StatutoryHighAge|rmsd**testdataset**":{}}