{"_default":{},"trust|size|geo|rmsd|houseprice|avg|StatutoryLowAge|avg|StatutoryLowAge|rmsd|StatutoryHighAge|avg|StatutoryHighAge|rmsd**testdataset**":{"1":{"Trust name":"Samuel Ward Academy Trust1","IDs":[161,129,66,166,103,8,171,172,179,149,181,183,124,29,30],"trustsize":15,"StatutoryHighAgeavg":13.7333333333,"StatutoryHighAgermsd":3.3954217542,"housepriceavg":264362.5,"geormsd":150902.675662546,"StatutoryLowAgeavg":6.6666666667,"StatutoryLowAgermsd":3.7178249316},"2":{"Trust name":"Delta Academies Trust","IDs":[70,72,105,138,139,44,47,143,176,18,53,150,21,151,153,62,31],"trustsize":17,"StatutoryLowAgeavg":5.5294117647,"StatutoryLowAgermsd":2.8721307331,"StatutoryHighAgeavg":12.3529411765,"StatutoryHighAgermsd":3.1797368828,"housepriceavg":224776.1111111111,"geormsd":128123.8630203346},"3":{"Trust name":"Focus Academy Trust (UK) Ltd1","IDs":[128,145,178,19,81,182,91],"trustsize":7,"StatutoryLowAgeavg":5.1428571429,"StatutoryLowAgermsd":3.7197761618,"StatutoryHighAgeavg":12.5714285714,"StatutoryHighAgermsd":4.4354784846,"housepriceavg":225125.0,"geormsd":141132.5664309544},"4":{"Trust name":"Archway Learning Trust","IDs":[32,101,136,41,137,12,14,144,114,147,89,26],"trustsize":12,"StatutoryLowAgeavg":6.25,"StatutoryLowAgermsd":3.4186985828,"StatutoryHighAgeavg":13.1666666667,"StatutoryHighAgermsd":3.4600899153,"housepriceavg":231997.5,"geormsd":118033.2134729164},"5":{"Trust name":"ASPIRE Academy Trust","IDs":[97,6,40,113,17,83,118,184,56,188,158],"trustsize":11,"StatutoryLowAgeavg":5.6363636364,"StatutoryLowAgermsd":3.5489493265,"StatutoryHighAgeavg":12.7272727273,"StatutoryHighAgermsd":3.2777738868,"housepriceavg":285700.0,"geormsd":142391.5485683043},"6":{"Trust name":"Seven Fields Primary School","IDs":[1,2,134,38,106,15,112,119,189,87,88,187,61],"trustsize":13,"StatutoryLowAgeavg":6.7692307692,"StatutoryLowAgermsd":3.9448865861,"StatutoryHighAgeavg":13.6153846154,"StatutoryHighAgermsd":2.8966415975,"housepriceavg":217915.8333333333,"geormsd":141248.7006717691},"7":{"Trust name":"East Midlands Education Trust","IDs":[64,67,68,10,11,110,146,85,54,152,28],"trustsize":11,"StatutoryLowAgeavg":7.2727272727,"StatutoryLowAgermsd":4.0919190672,"StatutoryHighAgeavg":15.0,"StatutoryHighAgermsd":3.1622776602,"housepriceavg":273666.6666666667,"geormsd":160098.148880184},"8":{"Trust name":"Bridge Multi-Academy Trust","IDs":[132,39,7,167,74,43,75,77,49,177,50,82,84,52,24,59,156,63],"trustsize":18,"StatutoryLowAgeavg":6.1111111111,"StatutoryLowAgermsd":3.7548322775,"StatutoryHighAgeavg":13.6666666667,"StatutoryHighAgermsd":3.2145502537,"housepriceavg":266166.6666666667,"geormsd":153634.3197869855},"9":{"Trust name":"Learning in Harmony Multi Academy Trust","IDs":[162,98,164,5,168,27,107,140,76,109,79,78,115,22,185,123,94],"trustsize":17,"StatutoryLowAgeavg":6.9411764706,"StatutoryLowAgermsd":3.5058033943,"StatutoryHighAgeavg":14.2941176471,"StatutoryHighAgermsd":3.4939393894,"housepriceavg":226249.375,"geormsd":129491.6451206215},"10":{"Trust name":"Discovery Schools Academies Trust Ltd","IDs":[133,73,169,174,148,117,121,127,125,95,159],"trustsize":11,"StatutoryLowAgeavg":5.6363636364,"StatutoryLowAgermsd":3.053246477,"StatutoryHighAgeavg":12.7272727273,"StatutoryHighAgermsd":2.5258989072,"housepriceavg":261714.2857142857,"geormsd":138986.5029054118},"11":{"Trust name":"Focus Academy Trust (UK) Ltd2","IDs":[131,69,9,170,51,23,120,155,93],"trustsize":9,"StatutoryLowAgeavg":6.4444444444,"StatutoryLowAgermsd":3.9471821485,"StatutoryHighAgeavg":14.2222222222,"StatutoryHighAgermsd":3.6141013261,"housepriceavg":239000.0,"geormsd":124330.1330085092},"12":{"Trust name":"Samuel Ward Academy Trust2","IDs":[65,34,102,42,111,180,86,90,126],"trustsize":9,"StatutoryLowAgeavg":7.4444444444,"StatutoryLowAgermsd":3.3035708327,"StatutoryHighAgeavg":13.7777777778,"StatutoryHighAgermsd":3.2241373619,"housepriceavg":251600.0,"geormsd":172225.5397521331},"13":{"Trust name":"Borden Grammar School Trust1","IDs":[130,141],"trustsize":2,"StatutoryLowAgeavg":6.5,"StatutoryLowAgermsd":4.5,"StatutoryHighAgeavg":14.5,"StatutoryHighAgermsd":3.5,"housepriceavg":241750.0,"geormsd":186655.6243826783},"14":{"Trust name":"REAch2 Academy Trust1","IDs":[96,160,163,100,165,104,46,116,122],"trustsize":9,"StatutoryLowAgeavg":6.1111111111,"StatutoryLowAgermsd":3.6951753663,"StatutoryHighAgeavg":14.1111111111,"StatutoryHighAgermsd":3.5728744868,"housepriceavg":292248.75,"geormsd":149261.9537380321},"15":{"Trust name":"Aston Community Education Trust","IDs":[33,99,4,35,36,71,135,58,45,142,48,20,154,92,157],"trustsize":15,"StatutoryLowAgeavg":6.4666666667,"StatutoryLowAgermsd":3.7747700445,"StatutoryHighAgeavg":14.2,"StatutoryHighAgermsd":3.1453669632,"housepriceavg":222915.0,"geormsd":125270.076980494},"16":{"Trust name":"REAch2 Academy Trust2","IDs":[3,37,108,57,25],"trustsize":5,"StatutoryLowAgeavg":5.4,"StatutoryLowAgermsd":3.2,"StatutoryHighAgeavg":15.0,"StatutoryHighAgermsd":3.4058772732,"housepriceavg":270497.5,"geormsd":93963.4155607383},"17":{"Trust name":"Borden Grammar School Trust2","IDs":[13,173,175,80,16,55,186,60],"trustsize":8,"StatutoryLowAgeavg":7.75,"StatutoryLowAgermsd":3.4186985828,"StatutoryHighAgeavg":14.125,"StatutoryHighAgermsd":3.2572035552,"housepriceavg":278498.3333333333,"geormsd":148178.7071730766}}}