{"_default":{},"trust|size|geo|rmsd|houseprice|avg|StatutoryLowAge|avg|StatutoryLowAge|rmsd|StatutoryHighAge|avg|StatutoryHighAge|rmsd**testdataset**":{"1":{"Trust name":"Focus Academy Trust (UK) Ltd","IDs":[128,131,69,9,170,155,145,178,51,81,19,182,23,120,91,93],"trustsize":16,"housepriceavg":232833.3333333333,"StatutoryLowAgeavg":5.875,"StatutoryLowAgermsd":3.903123749,"StatutoryHighAgeavg":13.5,"StatutoryHighAgermsd":4.0773766076,"geormsd":132184.9992011078},"2":{"Trust name":"Samuel Ward Academy Trust","IDs":[129,8,149,29,30,161,34,166,42,171,172,179,180,181,183,65,66,86,90,102,103,111,124,126],"trustsize":24,"StatutoryLowAgeavg":6.9583333333,"StatutoryLowAgermsd":3.5879330943,"StatutoryHighAgeavg":13.75,"StatutoryHighAgermsd":3.3322915039,"housepriceavg":259453.8461538462,"geormsd":159839.1356707874},"3":{"Trust name":"Seven Fields Primary School","IDs":[1,2,134,38,106,15,112,119,189,87,88,187,61],"trustsize":13,"StatutoryLowAgeavg":6.7692307692,"StatutoryLowAgermsd":3.9448865861,"StatutoryHighAgeavg":13.6153846154,"StatutoryHighAgermsd":2.8966415975,"housepriceavg":217915.8333333333,"geormsd":141248.7006717691},"4":{"Trust name":"Bridge Multi-Academy Trust","IDs":[132,39,7,167,74,75,43,77,49,50,82,177,84,52,24,59,156,63],"trustsize":18,"StatutoryLowAgeavg":6.1111111111,"StatutoryLowAgermsd":3.7548322775,"StatutoryHighAgeavg":13.6666666667,"StatutoryHighAgermsd":3.2145502537,"housepriceavg":266166.6666666667,"geormsd":153634.3197869855},"5":{"Trust name":"Learning in Harmony Multi Academy Trust","IDs":[162,98,164,5,168,107,140,109,76,78,79,123,115,22,185,27,94],"trustsize":17,"StatutoryLowAgeavg":6.9411764706,"StatutoryLowAgermsd":3.5058033943,"StatutoryHighAgeavg":14.2941176471,"StatutoryHighAgermsd":3.4939393894,"housepriceavg":226249.375,"geormsd":129491.6451206215},"6":{"Trust name":"Delta Academies Trust","IDs":[70,72,105,138,139,44,47,176,143,18,53,21,150,151,153,62,31],"trustsize":17,"StatutoryLowAgeavg":5.5294117647,"StatutoryLowAgermsd":2.8721307331,"StatutoryHighAgeavg":12.3529411765,"StatutoryHighAgermsd":3.1797368828,"housepriceavg":224776.1111111111,"geormsd":128123.8630203346},"7":{"Trust name":"Discovery Schools Academies Trust Ltd1","IDs":[133,174,148,95,159],"trustsize":5,"StatutoryLowAgeavg":5.4,"StatutoryLowAgermsd":2.8705400189,"StatutoryHighAgeavg":12.0,"StatutoryHighAgermsd":2.0,"housepriceavg":258000.0,"geormsd":116122.7164329185},"8":{"Trust name":"REAch2 Academy Trust1","IDs":[96,3,100,104,46,25,57],"trustsize":7,"StatutoryLowAgeavg":6.5714285714,"StatutoryLowAgermsd":3.2007652146,"StatutoryHighAgeavg":14.5714285714,"StatutoryHighAgermsd":3.2450904833,"housepriceavg":282997.5,"geormsd":104501.4095289179},"9":{"Trust name":"East Midlands Education Trust","IDs":[64,67,68,10,11,110,146,85,54,152,28],"trustsize":11,"StatutoryLowAgeavg":7.2727272727,"StatutoryLowAgermsd":4.0919190672,"StatutoryHighAgeavg":15.0,"StatutoryHighAgermsd":3.1622776602,"housepriceavg":273666.6666666667,"geormsd":160098.148880184},"10":{"Trust name":"ASPIRE Academy Trust","IDs":[97,6,40,17,113,83,118,184,56,188,158],"trustsize":11,"StatutoryLowAgeavg":5.6363636364,"StatutoryLowAgermsd":3.5489493265,"StatutoryHighAgeavg":12.7272727273,"StatutoryHighAgermsd":3.2777738868,"housepriceavg":285700.0,"geormsd":142391.5485683043},"11":{"Trust name":"REAch2 Academy Trust2","IDs":[160,163,37,165,108,116,122],"trustsize":7,"StatutoryLowAgeavg":5.1428571429,"StatutoryLowAgermsd":3.7197761618,"StatutoryHighAgeavg":14.2857142857,"StatutoryHighAgermsd":3.8065464556,"housepriceavg":289000.0,"geormsd":154071.0185191742},"12":{"Trust name":"Aston Community Education Trust","IDs":[33,99,4,35,36,71,135,154,45,142,48,20,58,92,157],"trustsize":15,"StatutoryLowAgeavg":6.4666666667,"StatutoryLowAgermsd":3.7747700445,"StatutoryHighAgeavg":14.2,"StatutoryHighAgermsd":3.1453669632,"housepriceavg":222915.0,"geormsd":125270.076980494},"13":{"Trust name":"Borden Grammar School Trust","IDs":[130,13,141,175,16,173,80,55,186,60],"trustsize":10,"StatutoryLowAgeavg":7.5,"StatutoryLowAgermsd":3.6945906404,"StatutoryHighAgeavg":14.2,"StatutoryHighAgermsd":3.3105890714,"housepriceavg":269311.25,"geormsd":159022.4686975004},"14":{"Trust name":"Discovery Schools Academies Trust Ltd2","IDs":[73,169,117,121,125,127],"trustsize":6,"StatutoryLowAgeavg":5.8333333333,"StatutoryLowAgermsd":3.1841621958,"StatutoryHighAgeavg":13.3333333333,"StatutoryHighAgermsd":2.7487370837,"housepriceavg":266666.6666666667,"geormsd":155251.1381076552},"15":{"Trust name":"Archway Learning Trust","IDs":[32,101,136,137,41,12,14,144,114,147,89,26],"trustsize":12,"StatutoryLowAgeavg":6.25,"StatutoryLowAgermsd":3.4186985828,"StatutoryHighAgeavg":13.1666666667,"StatutoryHighAgermsd":3.4600899153,"housepriceavg":231997.5,"geormsd":118033.2134729164}}}