{"_default":{},"trust|size|geo|rmsd|houseprice|avg|StatutoryLowAge|avg|StatutoryLowAge|rmsd|StatutoryHighAge|avg|StatutoryHighAge|rmsd**testdataset**":{"1":{"Trust name":"Discovery Schools Academies Trust Ltd1","IDs":[133,73,169,174,148,121],"trustsize":6,"StatutoryLowAgeavg":3.6666666667,"StatutoryLowAgermsd":1.1055415968,"StatutoryHighAgeavg":11.0,"StatutoryHighAgermsd":0.0,"geormsd":121467.1268289342},"2":{"Trust name":"Learning in Harmony Multi Academy Trust","IDs":[162,98,164,5,168,107,76,140,109,78,79,123,115,22,185,27,94],"trustsize":17,"StatutoryLowAgeavg":6.9411764706,"StatutoryLowAgermsd":3.5058033943,"StatutoryHighAgeavg":14.2941176471,"StatutoryHighAgermsd":3.4939393894,"geormsd":129491.6451206215},"3":{"Trust name":"Borden Grammar School Trust","IDs":[130,173,13,141,175,80,16,55,186,60],"trustsize":10,"StatutoryLowAgeavg":7.5,"StatutoryLowAgermsd":3.6945906404,"StatutoryHighAgeavg":14.2,"StatutoryHighAgermsd":3.3105890714,"geormsd":159022.4686975004},"4":{"Trust name":"Archway Learning Trust","IDs":[32,101,136,137,41,12,14,144,114,147,89,26],"trustsize":12,"StatutoryLowAgeavg":6.25,"StatutoryLowAgermsd":3.4186985828,"StatutoryHighAgeavg":13.1666666667,"StatutoryHighAgermsd":3.4600899153,"geormsd":118033.2134729164},"5":{"Trust name":"Seven Fields Primary School","IDs":[1,2,38,134,106,15,112,61,119,87,88,187,189],"trustsize":13,"StatutoryLowAgeavg":6.7692307692,"StatutoryLowAgermsd":3.9448865861,"StatutoryHighAgeavg":13.6153846154,"StatutoryHighAgermsd":2.8966415975,"geormsd":141248.7006717691},"6":{"Trust name":"Delta Academies Trust","IDs":[70,72,105,138,139,44,143,47,176,18,21,150,53,151,153,62,31],"trustsize":17,"StatutoryLowAgeavg":5.5294117647,"StatutoryLowAgermsd":2.8721307331,"StatutoryHighAgeavg":12.3529411765,"StatutoryHighAgermsd":3.1797368828,"geormsd":128123.8630203346},"7":{"Trust name":"Bridge Multi-Academy Trust","IDs":[132,7,39,167,74,43,75,77,49,82,177,50,84,52,24,59,156,63],"trustsize":18,"StatutoryLowAgeavg":6.1111111111,"StatutoryLowAgermsd":3.7548322775,"StatutoryHighAgeavg":13.6666666667,"StatutoryHighAgermsd":3.2145502537,"geormsd":153634.3197869855},"8":{"Trust name":"ASPIRE Academy Trust","IDs":[97,6,40,17,113,83,118,184,56,188,158],"trustsize":11,"StatutoryLowAgeavg":5.6363636364,"StatutoryLowAgermsd":3.5489493265,"StatutoryHighAgeavg":12.7272727273,"StatutoryHighAgermsd":3.2777738868,"geormsd":142391.5485683043},"9":{"Trust name":"REAch2 Academy Trust1","IDs":[3,100,165,104,108,122],"trustsize":6,"StatutoryLowAgeavg":6.8333333333,"StatutoryLowAgermsd":3.4840908267,"StatutoryHighAgeavg":15.3333333333,"StatutoryHighAgermsd":3.2998316455,"geormsd":120542.6871205798},"10":{"Trust name":"Samuel Ward Academy Trust","IDs":[129,8,149,29,30,161,34,166,42,171,172,179,180,181,183,65,66,86,90,102,103,111,124,126],"trustsize":24,"StatutoryLowAgeavg":6.9583333333,"StatutoryLowAgermsd":3.5879330943,"StatutoryHighAgeavg":13.75,"StatutoryHighAgermsd":3.3322915039,"geormsd":159839.1356707874},"11":{"Trust name":"Aston Community Education Trust","IDs":[33,99,36,4,35,135,71,154,45,142,48,20,58,92,157],"trustsize":15,"StatutoryLowAgeavg":6.4666666667,"StatutoryLowAgermsd":3.7747700445,"StatutoryHighAgeavg":14.2,"StatutoryHighAgermsd":3.1453669632,"geormsd":125270.076980494},"12":{"Trust name":"Discovery Schools Academies Trust Ltd2","IDs":[117,127,125,95,159],"trustsize":5,"StatutoryLowAgeavg":8.0,"StatutoryLowAgermsd":2.9664793948,"StatutoryHighAgeavg":14.8,"StatutoryHighAgermsd":2.4819347292,"geormsd":146569.4371293347},"13":{"Trust name":"Focus Academy Trust (UK) Ltd","IDs":[128,131,69,9,170,155,145,178,81,19,51,182,23,120,91,93],"trustsize":16,"StatutoryLowAgeavg":5.875,"StatutoryLowAgermsd":3.903123749,"StatutoryHighAgeavg":13.5,"StatutoryHighAgermsd":4.0773766076,"geormsd":132184.9992011078},"14":{"Trust name":"REAch2 Academy Trust2","IDs":[160,96,163,37,46,116,57,25],"trustsize":8,"StatutoryLowAgeavg":5.125,"StatutoryLowAgermsd":3.4072532926,"StatutoryHighAgeavg":13.75,"StatutoryHighAgermsd":3.5619517122,"geormsd":138297.2105246608},"15":{"Trust name":"East Midlands Education Trust","IDs":[64,67,68,10,11,110,146,85,54,152,28],"trustsize":11,"StatutoryLowAgeavg":7.2727272727,"StatutoryLowAgermsd":4.0919190672,"StatutoryHighAgeavg":15.0,"StatutoryHighAgermsd":3.1622776602,"geormsd":160098.148880184}}}